{
  "namespace": "pause",

  "change_skin_icon": {
    "type": "image",
    "anchor_from": "left_middle",
    "anchor_to": "left_middle",
    "texture": "textures/ui/hangar",
    "layer": 3,
    "size": [ 32, 16 ],
    "color": [ 0.3, 0.3, 0.3 ]
  },

  "take_screenshot_icon": {
    "type": "image",
    "texture": "textures/ui/camera-yo",
    "layer": 3,
    "size": [ 24, 12 ]
  },

  //---------------------------------------------------------------------------
  // Skins Panel
  //---------------------------------------------------------------------------

  "change_skin_panel": {
    "type": "stack_panel",
    "orientation": "horizontal",
    "size": [ 49, 26 ],
    "controls": [
      {
        "button_x@common.gamepad_helper_x": {
          "$gamepad_helper_visible_binding_type": "none",
          "layer": 3
        }
      },
      {
        "skin_icon_panel": {
          "type": "panel",
          "size": [ "100%c", 26 ],
          "controls": [
            {
              "change_skin_icon@pause.change_skin_icon": {
                "offset": [ 0, 2 ]
              }
            }
          ]
        }
      }
    ]
  },

  "profile_skin_icon_panel": {
    "type": "panel",
    "controls": [
      {
        "profile_label": {
          "type": "label",
          "text": "profileScreen.header",
          "size": [ "default", 10 ],
          "color": "$light_button_default_text_color"
        }
      }
    ]
  },

  "change_profile_button_panel": {
    "type": "panel",
    "size": [ 70, 26 ],
    "controls": [
      {
        "enabled_panel": {
          "type": "stack_panel",
          "orientation": "horizontal",
          "size": [ "100%", "100%" ],
          "controls": [
            {
              "button_x@common.gamepad_helper_x": {
                "$gamepad_helper_visible_binding_type": "none",
                "layer": 3
              }
            },
            {
              "skin_icon_panel@pause.profile_skin_icon_panel": {
                "size": [ "100%c", 26 ]
              }
            }
          ],
          "bindings": [
            {
              "binding_name": "#can_change_skin",
              "binding_name_override": "#visible"
            }
          ]
        }
      },
      {
        "disabled_panel@pause.profile_skin_icon_panel": {
          "size": [ "100%", 26 ],
          "bindings": [
            {
              "binding_name": "(not #can_change_skin)",
              "binding_name_override": "#visible"
            }
          ]
        }
      }
    ]
  },


  "change_skin_button_gamepad@common_buttons.light_content_button": {
    "size": [ 49, 26 ],
    "$pressed_button_name": "button.to_profile_or_skins_screen",
    "anchor_from": "bottom_middle",
    "anchor_to": "bottom_middle",
    "$button_content_offset": [ 3, 2 ],
    "$button_content": "pause.change_skin_panel",
    "$pressed_alpha": 0.65,
    "$hide_description": true,
    "$visibility_binding_type|default": "global",
    "$button_tts_header": "accessibility.start.skinPicker",
    "visible": false, // Added by Netease HBC
    "variables": [
      {
        "requires": "$nx_os",
        "$visibility_binding_type": "none"
      }
    ]
    // Commented by Netease HBC
//  , "bindings": [
//      {
//        "binding_type": "$visibility_binding_type",
//        "binding_name": "#is_using_gamepad",
//        "binding_name_override": "#visible"
//      }
//    ]
  },

  "change_skin_button@common_buttons.light_glyph_button": {
    "ignored": "$nx_os",
    "size": [ 29, 26 ],
    "$pressed_button_name": "button.to_profile_or_skins_screen",
    "anchor_from": "bottom_middle",
    "anchor_to": "bottom_middle",
    "$button_content_offset": [ 3, 2 ],
    "$button_content": "pause.change_skin_icon",
    "$pressed_alpha": 0.65,
    "$button_tts_header": "accessibility.start.skinPicker",
    "$focus_id": "change_skin_button",
    "focus_change_right": "FOCUS_OVERRIDE_STOP",
    "bindings": [
      {
        "binding_name": "(not #is_using_gamepad)",
        "binding_name_override": "#visible"
      }
    ]
  },

  "change_profile_button_gamepad@common_buttons.light_content_button": {
    "size": [ 70, 26 ],
    //"layer": -7, Minji-redlens: This is the closest to add this bedrock code into NetEase mirror file
    "$pressed_button_name": "button.to_profile_or_skins_screen",
    "anchor_from": "bottom_middle",
    "anchor_to": "bottom_middle",
    "$button_content_offset": [ 3, 2 ],
    "$button_content": "pause.change_profile_button_panel",
    "$pressed_alpha": 0.65,
    "$hide_description": true,
    "$visibility_binding_type|default": "global",
    "$button_tts_header": "accessibility.start.profile",
    "variables": [
      {
        "requires": "$nx_os",
        "$visibility_binding_type": "none"
      }
    ],
    "bindings": [
      {
        "binding_type": "$visibility_binding_type",
        "binding_name": "#is_using_gamepad",
        "binding_name_override": "#visible"
      }
    ]
  },

  "change_profile_button@common_buttons.light_text_form_fitting_button": {
    "$pressed_button_name": "button.to_profile_or_skins_screen",
    "$form_fitting_min_size": [ "100%c + 2px", 24 ],
    "anchor_from": "bottom_middle",
    "anchor_to": "bottom_middle",
    "$button_text": "profileScreen.header",
    "$focus_id": "profile_button",
    "$pressed_alpha": 0.65,
    "$button_tts_header": "accessibility.start.profile",
    "bindings": [
      {
        "binding_name": "(not #is_using_gamepad)",
        "binding_name_override": "#visible"
      }
    ]
  },


  "skin_viewer_panel": {
    "type": "input_panel",
    "anchor_from": "bottom_middle",
    "anchor_to": "bottom_middle",
    "size": [ "100%", "100px" ],
    "$skin_viewer_panel_offset|default": [ 0, 16 ],
    "offset": "$skin_viewer_panel_offset",
    "gesture_tracking_button": "button.turn_doll",
    "button_mappings": [
      {
        "from_button_id": "button.menu_select",
        "to_button_id": "button.turn_doll",
        "mapping_type": "pressed",
        "button_up_right_of_first_refusal": true
      }
    ],
    "controls": [
      {
        "paper_doll_panel": {
          "type": "panel",
          "size": [ "100%", "100% - 10px" ],
          "$paper_doll_offset|default": [ 0, -22 ],
          "offset": "$paper_doll_offset",

          "controls": [
            {
              "paper_doll": {
                "type": "custom",
                "renderer": "paper_doll_renderer",
                "camera_tilt_degrees": -10,
                "starting_rotation": 30,
                "layer": 2,
                "anchor_from": "bottom_middle",
                "anchor_to": "bottom_middle",
                "rotation": "gesture_x",
                "size": [ "100%", "100%" ],
                "animation_reset_name": "screen_animation_reset",
                "anims": [
                  "@common.screen_exit_size_animation_push",
                  "@common.screen_exit_size_animation_pop",
                  "@common.screen_entrance_size_animation_push",
                  "@common.screen_entrance_size_animation_pop"
                ],
                "bindings": [
                  {
                    "binding_type": "view",
                    "source_control_name": "viewer_panel",
                    "source_property_name": "#gesture_delta_source",
                    "target_property_name": "#gesture_delta_source"
                  },
                  {
                    "binding_type": "view",
                    "source_control_name": "viewer_panel",
                    "source_property_name": "#gesture_mouse_delta_x",
                    "target_property_name": "#gesture_mouse_delta_x"
                  }
                ]
              }
            }
          ]
        }
      },
      {
        "paper_doll_name_tag": {
          "ignored": "($pocket_edition and $pocket_screen)",
          "type": "custom",
          "renderer": "name_tag_renderer",
          "layer": 2,
          "anchor_from": "top_middle",
          "anchor_to": "bottom_middle",
          "size": [ 8, 8 ],
          "bindings": [
            {
              "binding_name": "#playername"
            },
            {
              "binding_name": "#playername_visible",
              "binding_name_override": "#visible"
            }
          ]
        }
      }
    ]
  },

  "skin_panel": {
    "type": "panel",
    "size": [ "40%", "100%" ],
    "max_size": [ 100, "100%" ],
    "controls": [
      {
        "interior@pause.skin_panel_interior": {}
      }
    ]
  },

  "skin_panel_interior": {
    "type": "stack_panel",
    "size": [ "100%", "100%c" ],
    "orientation": "vertical",
    "controls": [
      {
        "offset_panel": {
          "type": "panel",
          "size": [ "100%", "100%c" ],
          "anchor_from": "bottom_middle",
          "anchor_to": "bottom_middle",
          "controls": [
            {
              "viewer_panel@pause.skin_viewer_panel": {
                "tts_ignore_count": true
              }
            }
          ]
        }
      },
      {
        "change_profile_panel": {
          //"ignored": "$is_netease", // add by netease. gzhuabo
          "type": "stack_panel",
          "size": [ "100%", "100%c" ],
          "controls": [
            {
              "centering_panel_1": {
                "type": "panel",
                "size": [ "100%", "100%c" ],
                "controls": [
                  // { "profile_button@pause.change_profile_button": {} }
                ]
              }
            },
            {
              "centering_panel_2": {
                "type": "panel",
                "size": [ "100%", "100%c" ],
                "controls": [
                  // { "profile_button_gamepad@pause.change_profile_button_gamepad": {} }
                ]
              }
            }
          ],
          "bindings": [
            {
              "binding_name": "#can_change_skin",
              "binding_name_override": "#enabled"
            }
          ]
        }
      }

    ]
  },

  "pause_button_template@common_buttons.light_text_button": {
    "size": [ "100%", 28 ],
    "focus_identifier": "$pressed_button_name",
    "focus_change_right": "$focus_override_right",
    "focus_change_left": "$pressed_button_name"
  },

  "grid_button_template@common_buttons.light_text_button": {
    "size": [ "100%", 28 ]
  },

  "return_to_game_button@pause.pause_button_template": {
    "$pressed_button_name": "button.menu_continue",
    "$button_text": "menu.returnToGame",
    "anchor_to": "top_middle",
    "anchor_from": "top_middle",
    "$button_focus_precedence": 1,
    "focus_change_up": "button.menu_quit",
    "$focus_override_right": "change_skin_button",
    "variables": [
      {
        "requires": "$is_editor_playtest_roundtrip",
        "$button_text": "pauseScreen.editor.returnToTesting"
      },
      {
        "requires": "$is_editor_mode_enabled",
        "$button_text": "pauseScreen.editor.returnToEditing"
      }
    ]
  },

  "settings_button@pause.pause_button_template": {
    "$pressed_button_name": "button.menu_settings",
    "$button_text": "menu.settings",
    "anchor_to": "top_middle",
    "anchor_from": "top_middle",
    "$focus_override_right": "change_skin_button"
  },

  "achievements_button@pause.pause_button_template": {
    "$pressed_button_name": "button.menu_achievements",
    "$button_text": "menu.achievements",
    "anchor_to": "top_middle",
    "anchor_from": "top_middle",
    "ignored": "$achievements_ignored",
    "bindings": [
      {
        "binding_name": "#achievements_visible",
        "binding_name_override": "#visible",
        "binding_type": "global"
      }
    ]
  },

  "how_to_play_button@pause.pause_button_template": {
    "$pressed_button_name": "button.menu_how_to_play",
    "$button_text": "menu.howToPlay",
    "anchor_to": "top_middle",
    "anchor_from": "top_middle",
    "ignored": "(not $education_edition or $education_edition_china)",
    "$focus_override_right": "change_skin_button"
  },

  "feedback_button@pause.pause_button_template": {
    "$pressed_button_name": "button.menu_feedback",
    //"$button_text": "options.group.feedback",
    "$button_text": "menu.howToPlay",	//add by netease
    "anchor_to": "top_middle",
    "anchor_from": "top_middle",
    "ignored": "$education_edition"
  },

  "invite_players_button@pause.grid_button_template": {
    "$pressed_button_name": "button.menu_invite_players",
    "$button_text": "pauseScreen.invite",
    "focus_change_down": "FOCUS_OVERRIDE_STOP",
    "$focus_override_right": "FOCUS_OVERRIDE_STOP",
    "bindings": [
      {
        "binding_name": "#invite_button_visible",
        "binding_name_override": "#visible",
        "binding_type": "global"
      },
      {
        "binding_name": "#invite_button_enabled",
        "binding_name_override": "#enabled"
      }
    ]
  },

  "buy_button@pause.pause_button_template": {
    "$pressed_button_name": "button.menu_buy_game",
    "$button_text": "$unlock_full_game_button_text",
    "anchor_to": "top_middle",
    "anchor_from": "top_middle",
    "ignored": "(not $trial or $is_secondary_client)",
    "bindings": [
      {
        "binding_name": "#is_trial_version",
        "binding_name_override": "#visible",
        "binding_type": "global"
      }
    ]
  },

  "quit_button@pause.pause_button_template": {
    "$pressed_button_name": "button.menu_quit",
    "$button_text": "pauseScreen.quit",
    "anchor_to": "top_middle",
    "anchor_from": "top_middle",
    "focus_change_down": "button.menu_continue",
    "$focus_override_right": "change_skin_button",
    "variables": [
      {
        "requires": "($is_secondary_client and not $is_editor_playtest_roundtrip)",
        "$button_text": "pauseScreen.secondaryClientLeave"
      },
      {
        "requires": "$is_editor_playtest_roundtrip",
        "$button_text": "pauseScreen.editor.quit"
      }
    ]
  },
  "component_button@pause.pause_button_template": {
    "$pressed_button_name": "",
    "$button_text": "\u7ec4\u4ef6",
    "anchor_to": "top_middle",
    "anchor_from": "top_middle"
  },
  "asset_center_button@pause.pause_button_template": {
    "$pressed_button_name": "",
    "$button_text": "资源中心",
    "anchor_to": "top_middle",
    "anchor_from": "top_middle"
  },
  "feed_button@pause.pause_button_template": {
    "$pressed_button_name": "button.menu_feed",
    "$focus_id": "button.menu_feed",
    "$button_text": "pauseScreen.feed",
    "anchor_to": "top_left",
    "anchor_from": "top_left"
  },

  "lobby_setting_button@common_buttons.light_content_button": {
    "size": [ "19% - 4px", "90%" ],
    "$button_content": "pause.lobby_setting_button_content",
    "$pressed_button_name": "",
    "anchor_to": "top_left",
    "anchor_from": "top_left",
    "$button_focus_precedence": 1,
    "focus_change_up": "button.menu_quit",
    "$focus_override_right": "change_skin_button"
  },

  "room_qr_code_button@common_buttons.light_content_button": {
    "size": [ "19% - 4px", "90%" ],
    "$button_content": "pause.room_qr_code_button_content",
    "$pressed_button_name": "",
    "anchor_to": "top_left",
    "anchor_from": "top_left",
    "$button_focus_precedence": 1,
    "focus_change_up": "button.menu_quit",
    "$focus_override_right": "change_skin_button"
  },

  "invite_friend_button@pause.pause_button_template": {
    "size": [ "fill", "90%" ],
    "$pressed_button_name": "",
    "$button_text": "邀请好友",
    "anchor_to": "top_left",
    "anchor_from": "top_left",
    "$button_focus_precedence": 1,
    "focus_change_up": "button.menu_quit",
    "$focus_override_right": "change_skin_button"
  },

  "single_game_invite_button@common_buttons.light_content_button": {
    "size": [ "100%", "90%" ],
    "$button_content": "pause.single_game_invite_friend_button_content",
    "$pressed_button_name": "",
    "anchor_to": "top_left",
    "anchor_from": "top_left",
    "$button_focus_precedence": 1,
    "focus_change_up": "button.menu_quit",
    "$focus_override_right": "change_skin_button"
  },

  "room_qr_code_button_content": {
    "type": "panel",
    "size": [ "100%", "100%" ],
    "controls": [
      {
        "qr_code_icon_image": {
          "type": "image",
          "anchor_from": "left_middle",
          "anchor_to": "left_middle",
          "texture": "textures/ui/qr_code",
          "size": [ 14, 14 ],
          "offset": [ 3, 0 ]
        }
      }
    ]
  },

  "lobby_setting_button_content": {
    "type": "panel",
    "size": [ "100%", "100%" ],
    "controls": [
      {
        "icon_image": {
          "type": "image",
          "anchor_from": "left_middle",
          "anchor_to": "left_middle",
          "texture": "textures/ui/room_setting",
          "size": [ 14, 14 ],
          "offset": [ 3, 0 ]
        }
      }
    ]
  },

  "single_game_invite_friend_button_content": {
    "type": "panel",
    "size": [ "100%", "100%" ],
    "controls" : [
      {
         "content" : {
            "controls" : [
               {
                  "icon_panel" : {
                     "controls" : [
                        {
                           "icon_image" : {
                              "anchor_from" : "center",
                              "anchor_to" : "center",
                              "layer" : 1,
                              "offset" : [ 0.0, 0 ],
                              "size" : [ 14, 14 ],
                              "texture" : "textures/ui/single_tan_lobby/ol_invite_icon01",
                              "type" : "image"
                           }
                        }
                     ],
                     "layer" : 2,
                     "size" : [ "100.0%cm+0.0px", "100.0%+0.0px" ],
                     "type" : "panel"
                  }
               },
               {
                  "padding" : {
                     "layer" : 3,
                     "size" : [ 4.0, "100.0%+0.0px" ],
                     "type" : "panel"
                  }
               },
               {
                  "label_panel" : {
                     "controls" : [
                        {
                           "txt_label" : {
                              "anchor_from" : "center",
                              "anchor_to" : "center",
                              "color" : "$light_button_default_text_color",
                              "layer" : 1,
                              "text" : "邀请好友加入游戏",
                              "text_alignment" : "center",
                              "type" : "label"
                           }
                        }
                     ],
                     "layer" : 4,
                     "size" : [ "100.0%cm+0.0px", "100.0%+0.0px" ],
                     "type" : "panel"
                  }
               }
            ],
            "layer" : 2,
            "orientation" : "horizontal",
            "size" : [ "default", "100.0%+0.0px" ],
            "type" : "stack_panel"
         }
      }
   ]
  },

  "pause_screen@common.base_screen": {
    "cache_screen": true,

    "$screen_animations": [
      "@common.screen_exit_animation_push_fade",
      "@common.screen_exit_animation_pop_fade",
      "@common.screen_entrance_animation_push_fade",
      "@common.screen_entrance_animation_pop_fade"
    ],

    "button_mappings": [
      {
        "from_button_id": "button.menu_cancel",
        "to_button_id": "button.menu_continue",
        "mapping_type": "global"
      },
      {
        "from_button_id": "button.controller_start",
        "to_button_id": "button.menu_continue",
        "mapping_type": "global"
      },
      {
        "from_button_id": "button.menu_vr_realign",
        "to_button_id": "button.menu_vr_realign",
        "mapping_type": "global",
        "scope": "controller"
      },
      {
        "from_button_id": "button.controller_select",
        "to_button_id": "button.to_profile_or_skins_screen",
        "mapping_type": "global",
        "scope": "controller"
      },
      {
        "from_button_id": "button.menu_tab_left",
        "to_button_id": "button.menu_tab_left",
        "mapping_type": "global",
        "scope": "view"
      },
      {
        "from_button_id": "button.menu_tab_right",
        "to_button_id": "button.menu_tab_right",
        "mapping_type": "global",
        "scope": "view"
      }
    ],

    "variables": [
      {
        "requires": "$ignore_edu_pause",
        "$screen_content": "pause.pause_screen_content",
        "$screen_bg_content": "common.screen_background"
      },
      {
        "requires": "(not $ignore_edu_pause)",
        "$screen_content": "edu_pause.pause_screen_content"
      }
    ]
  },

  "pause_screen_content": {
    "type": "panel",
    "size": [ "100%", "100%" ],
    "anchor_from": "top_left",
    "anchor_to": "top_left",
    "layer": 1,
    "controls": [
      { "pause_screen_main_panels@pause.pause_screen_main_panels": {} },
      { "gamepad_helpers@pause.gamepad_helpers": {} },
      { "keyboard_helpers@pause.keyboard_helpers": {} },
      { "lobby_invite_second_confirm@pause.lobby_invite_second_confirm": {} }
    ]
  },

  "pause_screen_main_panels": {
    "type": "stack_panel",
    "orientation": "horizontal",
    "size": [ "100%", "100%" ],
    "$achievements_ignored|default": false,
    "controls": [
      { "menu@pause.pause_screen_menu": {} },
      { "info_panel@pause.info_panel": {} }
    ]
  },

  "lobby_invite_second_confirm": {
    "controls" : [
      {
         "mask_panel" : {
            "alpha" : 0.60,
            "anchor_from" : "center",
            "anchor_to" : "center",
            "clip_direction" : "left",
            "clip_offset" : [ 0, 0 ],
            "clip_ratio" : 0.0,
            "clips_children" : false,
            "color" : [ 0.0, 0.0, 0.0 ],
            "enabled" : true,
            "fill" : true,
            "grayscale" : false,
            "is_new_nine_slice" : false,
            "keep_ratio" : true,
            "layer" : 1,
            "max_size" : [ 0, 0 ],
            "min_size" : [ 0, 0 ],
            "nine_slice_buttom" : 0,
            "nine_slice_left" : 0,
            "nine_slice_right" : 0,
            "nine_slice_top" : 0,
            "nineslice_size" : [ 0, 0, 0, 0 ],
            "offset" : [ 0, 0 ],
            "priority" : 0,
            "propagate_alpha" : false,
            "size" : [ "200.0%+0.0px", "200.0%+0.0px" ],
            "texture" : "textures/white",
            "type" : "image",
            "uv" : [ 0, 0 ],
            "uv_size" : [ 0, 0 ],
            "visible" : true
         }
      },
      {
        "main_panel" : {
           "alpha" : 1.0,
           "anchor_from" : "center",
           "anchor_to" : "center",
           "clip_offset" : [ 0, 0 ],
           "clips_children" : false,
           "controls" : [
              {
                 "bg" : {
                    "alpha" : 1.0,
                    "anchor_from" : "center",
                    "anchor_to" : "center",
                    "clip_direction" : "left",
                    "clip_offset" : [ 0, 0 ],
                    "clip_ratio" : 0.0,
                    "clips_children" : false,
                    "enabled" : true,
                    "fill" : false,
                    "grayscale" : false,
                    "is_new_nine_slice" : false,
                    "keep_ratio" : true,
                    "layer" : 1,
                    "max_size" : [ 0, 0 ],
                    "min_size" : [ 0, 0 ],
                    "nine_slice_buttom" : 0,
                    "nine_slice_left" : 0,
                    "nine_slice_right" : 0,
                    "nine_slice_top" : 0,
                    "nineslice_size" : [ 0, 0, 0, 0 ],
                    "offset" : [ 0, 0 ],
                    "priority" : 0,
                    "propagate_alpha" : false,
                    "size" : [ "default", "default" ],
                    "texture" : "textures/ui/background_panel",
                    "type" : "image",
                    "uv" : [ 0, 0 ],
                    "uv_size" : [ 0, 0 ],
                    "visible" : true
                 }
              },
              {
                 "title_txt" : {
                    "alpha" : 1.0,
                    "anchor_from" : "top_middle",
                    "anchor_to" : "top_middle",
                    "clip_offset" : [ 0, 0 ],
                    "clips_children" : false,
                    "color" : [ 0.0, 0.0, 0.0 ],
                    "enabled" : true,
                    "font_scale_factor" : 0.90,
                    "font_size" : "normal",
                    "font_type" : "smooth",
                    "layer" : 2,
                    "line_padding" : 0,
                    "max_size" : [ 0, 0 ],
                    "min_size" : [ 0, 0 ],
                    "offset" : [ 0, 4.0 ],
                    "priority" : 0,
                    "propagate_alpha" : false,
                    "shadow" : false,
                    "size" : [ "default", "default" ],
                    "text" : "提示",
                    "text_alignment" : "center",
                    "type" : "label",
                    "visible" : true
                 }
              },
              {
                 "close_btn@common.button" : {
                    "$control_alpha" : 1.0,
                    "$default_texture" : "textures/ui/close_button_default",
                    "$hover_texture" : "textures/ui/close_button_default",
                    "$is_new_nine_slice" : false,
                    "$label_color" : [ 1, 1, 1 ],
                    "$label_font_scale_factor" : 1.0,
                    "$label_font_size" : "large",
                    "$label_layer" : 3,
                    "$label_offset" : [ 0, 0 ],
                    "$label_text" : "",
                    "$nine_slice_buttom" : 0,
                    "$nine_slice_left" : 0,
                    "$nine_slice_right" : 0,
                    "$nine_slice_top" : 0,
                    "$nineslice_size" : [ 0, 0, 0, 0 ],
                    "$pressed_button_name" : "%netease_editor_template_namespace.click",
                    "$pressed_texture" : "textures/ui/close_button_default",
                    "$texture_layer" : 2,
                    "alpha" : 1.0,
                    "anchor_from" : "center",
                    "anchor_to" : "center",
                    "bindings" : [
                       {
                          "binding_collection_name" : "",
                          "binding_condition" : "always_when_visible",
                          "binding_type" : "collection_details"
                       }
                    ],
                    "button_mappings" : [],
                    "clip_offset" : [ 0, 0 ],
                    "clips_children" : false,
                    "controls" : [
                       {
                          "default@netease_editor_template_namespace.default" : {}
                       },
                       {
                          "hover@netease_editor_template_namespace.hover" : {}
                       },
                       {
                          "pressed@netease_editor_template_namespace.pressed" : {}
                       },
                       {
                          "button_label@netease_editor_template_namespace.button_label" : {}
                       }
                    ],
                    "default_control" : "default",
                    "draggable" : "not_draggable",
                    "enabled" : true,
                    "hover_control" : "hover",
                    "is_handle_button_move_event" : true,
                    "layer" : 3,
                    "max_size" : [ 0, 0 ],
                    "min_size" : [ 0, 0 ],
                    "offset" : [ 63.0, -35.0 ],
                    "pressed_control" : "pressed",
                    "priority" : 0,
                    "propagate_alpha" : false,
                    "size" : [ 18, 18 ],
                    "type" : "button",
                    "visible" : false
                 }
              },
              {
                 "content_panel" : {
                    "alpha" : 1.0,
                    "anchor_from" : "center",
                    "anchor_to" : "center",
                    "clip_offset" : [ 0, 0 ],
                    "clips_children" : false,
                    "controls" : [
                       {
                          "content_bg" : {
                             "alpha" : 0.90,
                             "anchor_from" : "center",
                             "anchor_to" : "center",
                             "clip_direction" : "left",
                             "clip_offset" : [ 0, 0 ],
                             "clip_ratio" : 0.0,
                             "clips_children" : false,
                             "color" : [ 0.7960784313725490, 0.7960784313725490, 0.7960784313725490 ],
                             "enabled" : true,
                             "fill" : false,
                             "grayscale" : false,
                             "is_new_nine_slice" : false,
                             "keep_ratio" : true,
                             "layer" : 1,
                             "max_size" : [ 0, 0 ],
                             "min_size" : [ 0, 0 ],
                             "nine_slice_buttom" : 0,
                             "nine_slice_left" : 0,
                             "nine_slice_right" : 0,
                             "nine_slice_top" : 0,
                             "nineslice_size" : [ 0, 0, 0, 0 ],
                             "offset" : [ 0, 0 ],
                             "priority" : 0,
                             "propagate_alpha" : false,
                             "size" : [ "default", "default" ],
                             "texture" : "textures/ui/background_with_border",
                             "type" : "image",
                             "uv" : [ 0, 0 ],
                             "uv_size" : [ 0, 0 ],
                             "visible" : true
                          }
                       },
                       {
                          "desc_txt" : {
                             "alpha" : 1.0,
                             "anchor_from" : "center",
                             "anchor_to" : "center",
                             "clip_offset" : [ 0, 0 ],
                             "clips_children" : false,
                             "color" : [ 1, 1, 1 ],
                             "enabled" : true,
                             "font_scale_factor" : 0.90,
                             "font_size" : "normal",
                             "font_type" : "smooth",
                             "layer" : 2,
                             "line_padding" : 0,
                             "max_size" : [ 0, 0 ],
                             "min_size" : [ 0, 0 ],
                             "offset" : [ 0, "0.0%+-3.0px" ],
                             "priority" : 0,
                             "propagate_alpha" : false,
                             "shadow" : false,
                             "size" : [ 130.0, "default" ],
                             "text" : "邀请好友加入游戏会开启自定义联机，需创建联机房间，是否继续？",
                             "text_alignment" : "center",
                             "type" : "label",
                             "visible" : true
                          }
                       },
                       {
                          "cancel_btn@common.button" : {
                             "$control_alpha" : 1.0,
                             "$default_texture" : "textures/netease/common/button/default",
                             "$hover_texture" : "textures/netease/common/button/hover",
                             "$is_new_nine_slice" : true,
                             "$label_color" : [ 0.0, 0.0, 0.0 ],
                             "$label_font_scale_factor" : 0.90,
                             "$label_font_size" : "normal",
                             "$label_layer" : 3,
                             "$label_offset" : [ 0, 0 ],
                             "$label_text" : "取消",
                             "$nine_slice_buttom" : 0,
                             "$nine_slice_left" : 0,
                             "$nine_slice_right" : 0,
                             "$nine_slice_top" : 0,
                             "$nineslice_size" : [ 0, 0, 0, 0 ],
                             "$pressed_button_name" : "%netease_editor_template_namespace.click",
                             "$pressed_texture" : "textures/netease/common/button/pressed",
                             "$texture_layer" : 2,
                             "bindings" : [
                                {
                                   "binding_collection_name" : "",
                                   "binding_condition" : "always_when_visible",
                                   "binding_type" : "collection_details"
                                }
                             ],
                             "button_mappings" : [],
                             "controls" : [
                                {
                                   "default@netease_editor_template_namespace.default" : {}
                                },
                                {
                                   "hover@netease_editor_template_namespace.hover" : {}
                                },
                                {
                                   "pressed@netease_editor_template_namespace.pressed" : {}
                                },
                                {
                                   "button_label@netease_editor_template_namespace.button_label" : {}
                                }
                             ],
                             "default_control" : "default",
                             "hover_control" : "hover",
                             "is_handle_button_move_event" : true,
                             "layer" : 3,
                             "offset" : [ -42.0, 61.0 ],
                             "pressed_control" : "pressed",
                             "size" : [ 82.0, 27.0 ],
                             "type" : "button"
                          }
                       },
                       {
                          "confirm_btn@common.button" : {
                             "$control_alpha" : 1.0,
                             "$default_texture" : "textures/netease/common/button/default",
                             "$hover_texture" : "textures/netease/common/button/hover",
                             "$is_new_nine_slice" : true,
                             "$label_color" : [ 0.0, 0.0, 0.0 ],
                             "$label_font_scale_factor" : 0.90,
                             "$label_font_size" : "normal",
                             "$label_layer" : 3,
                             "$label_offset" : [ 0, 0 ],
                             "$label_text" : "继续",
                             "$nine_slice_buttom" : 0,
                             "$nine_slice_left" : 0,
                             "$nine_slice_right" : 0,
                             "$nine_slice_top" : 0,
                             "$nineslice_size" : [ 0, 0, 0, 0 ],
                             "$pressed_button_name" : "%netease_editor_template_namespace.click",
                             "$pressed_texture" : "textures/netease/common/button/pressed",
                             "$texture_layer" : 2,
                             "bindings" : [
                                {
                                   "binding_collection_name" : "",
                                   "binding_condition" : "always_when_visible",
                                   "binding_type" : "collection_details"
                                }
                             ],
                             "button_mappings" : [],
                             "controls" : [
                                {
                                   "default@netease_editor_template_namespace.default" : {}
                                },
                                {
                                   "hover@netease_editor_template_namespace.hover" : {}
                                },
                                {
                                   "pressed@netease_editor_template_namespace.pressed" : {}
                                },
                                {
                                   "button_label@netease_editor_template_namespace.button_label" : {}
                                }
                             ],
                             "default_control" : "default",
                             "hover_control" : "hover",
                             "is_handle_button_move_event" : true,
                             "layer" : 13,
                             "offset" : [ 42.0, 61.0 ],
                             "pressed_control" : "pressed",
                             "size" : [ 82.0, 27.0 ],
                             "type" : "button"
                          }
                       }
                    ],
                    "enabled" : true,
                    "layer" : 13,
                    "max_size" : [ 0, 0 ],
                    "min_size" : [ 0, 0 ],
                    "offset" : [ 0, "0.0%+-13.0px" ],
                    "priority" : 0,
                    "propagate_alpha" : false,
                    "size" : [ 165.0, "0.0%+81.0px" ],
                    "type" : "panel",
                    "visible" : true
                 }
              }
           ],
           "enabled" : true,
           "layer" : 2,
           "max_size" : [ 0, 0 ],
           "min_size" : [ 0, 0 ],
           "offset" : [ 0, 0 ],
           "priority" : 0,
           "propagate_alpha" : false,
           "size" : [ 180.0, 140.0 ],
           "type" : "panel",
           "visible" : true
        }
     }
    ],
    "layer" : 37,
    "type" : "panel",
    "visible" : false
  },

  "pause_screen_menu": {
    "type": "stack_panel",
    "size": [ "fill", "100%" ],
    "anchor_from": "top_middle",
    "anchor_to": "top_middle",
    "controls": [
      {
        "filler@pause.filler_panel": {
          "size": [ "100%", 10 ]
        }
      },
      {
        "trialTime": {
          "type": "custom",
          "ignored": "(not $trial)",
          "renderer": "trial_time_renderer",
          "size": [ "default", 10 ],
          "offset": [ -2, -4 ],
          "layer": 3,
          "anchor_from": "top_right",
          "anchor_to": "top_right",
          "bindings": [
            {
              "binding_name": "#is_trial_version",
              "binding_name_override": "#visible",
              "binding_type": "global"
            }
          ]
        }
      },
      {
        "pause_logo_panel@common_art.pause_logo_panel": {
          "anchor_from": "top_middle",
          "anchor_to": "top_middle",
          "tts_ignore_count": true
        }
      },
      { "the_rest_panel@pause.the_rest_panel": {} }
    ]
  },

  "the_rest_panel": {
    "type": "stack_panel",
    "size": [ "100%", "fill" ],
    "orientation": "horizontal",
    "layer": 1,
    "controls": [
      {
        "fill_1": {
          "type": "panel",
          "layer": 1,
          "size": [ "fill", "100%" ]
        }
      },
      {
        "pause_menu@pause.menu_the_rest_panel": {}
      },
      {
        "fill_2": {
          "type": "panel",
          "layer": 1,
          "size": [ "fill", "100%" ]
        }
      },
      {
        "skin_panel@pause.skin_panel": {
          "layer": 1
        }
      },
      {
        "fill_3": {
          "type": "panel",
          "layer": 1,
          "size": [ "fill", "100%" ]
        }
      }
    ]
  },

  "transparent_background": {
    "type": "image",
    "texture": "textures/ui/menubackground",
    "layer": 1,
    "alpha": 0.8
  },

  "menu_the_rest_panel": {
    "type": "panel",
    "size": [ "50% + 10px", "100%" ],
    "focus_container": true,
    "use_last_focus": true,
    "focus_navigation_mode_left": "contained",
    "controls": [
      { "menu_button_control@pause.menu_button_control": {} }
    ]
  },

  "menu_button_control@pause.pause_screen_border": {
    "size": [ "100%", "100%c + 2px" ],
    "color": [ 0, 0, 0 ],
    "anchor_from": "center",
    "anchor_to": "center",
    "controls": [
      { "menu_background@pause.menu_background": {} }
    ]
  },

  "menu_background@pause.transparent_background": {
    "size": [ "100% - 2px", "100%c + 8px" ],
    "anchor_from": "center",
    "anchor_to": "center",
    "controls": [
      {
        "button_panel": {
          "type": "stack_panel",
          "size": [ "100% - 8px", "100%c" ],
          "anchor_from": "center",
          "anchor_to": "center",
          "controls": [
            { "return_to_game_button@pause.return_to_game_button": {} },
            { "return@pause.vertical_padding": {} },
            {
              "feed_and_screenshot_buttons": {
                "type": "stack_panel",
                "anchor_from": "top_middle",
                "anchor_to": "top_middle",
                "orientation": "horizontal",
                "size": [ "100%", 28 ],
                "controls": [
                  {
                    "feed_button@pause.feed_button": {
                      "size": [ "fill", "100%" ]
                    }
                  },
                  {
                    "padding_1@pause.horizontal_padding": {
                      "ignored": "($is_holographic)"
                    }
                  },
                  {
                    "take_screenshot_button@common_buttons.light_glyph_button": {
                      "$pressed_button_name": "button.screenshot",
                      "$button_tts_header": "key.screenshot",
                      "size": [ 28, "100%" ],
                      "$button_content": "pause.take_screenshot_icon",
                      "$pressed_alpha": 0.65,
                      "sound_name": "random.screenshot",
                      "sound_volume": 1.0,
                      "sound_pitch": 1.0
                    }
                  }
                ],
                "bindings": [
                  {
                    "binding_name": "#show_clubs",
                    "binding_name_override": "#visible",
                    "binding_type": "global"
                  }
                ]
              }
            },
            {
              "feed@pause.vertical_padding": {
                "bindings": [
                  {
                    "binding_name": "#show_clubs",
                    "binding_name_override": "#visible",
                    "binding_type": "global"
                  }
                ]
              }
            },
            { "buy_button@pause.buy_button": {} },
            {
              "buy@pause.vertical_padding": {
                "bindings": [
                  {
                    "binding_name": "#is_trial_version",
                    "binding_name_override": "#visible",
                    "binding_type": "global"
                  }
                ]
              }
            },
            { "settings_button@pause.settings_button": {} },
            { "settings@pause.vertical_padding": {} },
            {
              "asset_center_panel": {
                  "layer": 2,
                  "size": [
                      "100%",
                      28
                  ],
                  "type": "panel",
                  "controls": [                                    
                      {
                          "asset_center_button@pause.asset_center_button": {}
                      },
                      {
                        "image": {
                            "layer": 41,
                            "size": [
                                12,
                                15
                            ],
                            "texture": "textures/ui/newOffersIcon",
                            "type": "image",
                            "anchor_from": "top_right",
                            "offset": [
                                "0%+-8.5px",
                                "0%+5px"
                            ],
                            "nineslice_size": [
                                10,
                                10,
                                4,
                                10
                            ],
                            "controls": [
                                {
                                    "label": {
                                        "font_type": "default",
                                        "layer": 1,
                                        "size": [
                                            20,
                                            10
                                        ],
                                        "text": "新",
                                        "text_alignment": "center",
                                        "type": "label",
                                        "offset": [
                                            0,
                                            -2
                                        ],
                                        "color": [
                                            0.298,
                                            0.298,
                                            0.298
                                        ]
                                    }
                                }
                            ],
                            "keep_ratio": false
                        }
                    }
                  ]
              }
            },            
            { "asset_center@pause.vertical_padding": {} },
            { "component_button@pause.component_button": {} },
            { "component@pause.vertical_padding": {} },
            { "achievements_button@pause.achievements_button": {} },
            {
              "achievements@pause.vertical_padding": {
                "ignored": "$achievements_ignored",
                "bindings": [
                  {
                    "binding_name": "#achievements_visible",
                    "binding_name_override": "#visible",
                    "binding_type": "global"
                  }
                ]
              }
            },
            { "quit_button@pause.quit_button": {} }
          ]
        }
            }
        ]
    },
  
  "remove_member_button@common.button": {
    "$control_alpha": 1,
    "$default_texture": "textures/ui/single_tan_lobby/bnt02",
    "$hover_texture": "textures/ui/single_tan_lobby/bnt02_click",
    "$is_new_nine_slice": true,
    "$label_color": [
        1,
        1,
        1
    ],
    "$label_font_scale_factor": 1,
    "$label_font_size": "normal",
    "$label_layer": 3,
    "$label_offset": [
        0,
        0
    ],
    "$label_text": "移除成员",
    "$nine_slice_buttom": 0,
    "$nine_slice_left": 0,
    "$nine_slice_right": 0,
    "$nine_slice_top": 0,
    "$nineslice_size": [
        0,
        0,
        0,
        0
    ],
    "$pressed_button_name": "%netease_editor_template_namespace.click",
    "$pressed_texture": "textures/ui/single_tan_lobby/bnt02_click",
    "$texture_layer": 2,
    "bindings": [
        {
            "binding_collection_name": "",
            "binding_condition": "always_when_visible",
            "binding_type": "collection_details"
        }
    ],
    "button_mappings": [],
    "controls": [
        {
            "default@netease_editor_template_namespace.default": {}
        },
        {
            "hover@netease_editor_template_namespace.hover": {}
        },
        {
            "pressed@netease_editor_template_namespace.pressed": {}
        },
        {
            "button_label@netease_editor_template_namespace.button_label": {}
        }
    ],
    "default_control": "default",
    "hover_control": "hover",
    "is_handle_button_move_event": true,
    "layer": 4,
    "pressed_control": "pressed",
    "size" : [ "fill", "90%" ],
    "type": "button"
  },

  "invite_friend_panel": {
        "layer": 1,
        "size" : [ "fill", "90%" ],
        "type": "panel",
        "controls": [
            {
                "invite_friend_button@common.button": {
                    "$control_alpha": 1,
                    "$default_texture": "textures/ui/single_tan_lobby/bnt02",
                    "$hover_texture": "textures/ui/single_tan_lobby/bnt02_click",
                    "$is_new_nine_slice": true,
                    "$label_color": [
                        1,
                        1,
                        1
                    ],
                    "$label_font_scale_factor": 1,
                    "$label_font_size": "normal",
                    "$label_layer": 3,
                    "$label_offset": [
                        0,
                        0
                    ],
                    "$label_text": "邀请好友",
                    "$nine_slice_buttom": 0,
                    "$nine_slice_left": 0,
                    "$nine_slice_right": 0,
                    "$nine_slice_top": 0,
                    "$nineslice_size": [
                        0,
                        0,
                        0,
                        0
                    ],
                    "$pressed_button_name": "%netease_editor_template_namespace.click",
                    "$pressed_texture": "textures/ui/single_tan_lobby/bnt02_click",
                    "$texture_layer": 2,
                    "bindings": [
                        {
                            "binding_collection_name": "",
                            "binding_condition": "always_when_visible",
                            "binding_type": "collection_details"
                        }
                    ],
                    "button_mappings": [],
                    "controls": [
                        {
                            "default@netease_editor_template_namespace.default": {}
                        },
                        {
                            "hover@netease_editor_template_namespace.hover": {}
                        },
                        {
                            "pressed@netease_editor_template_namespace.pressed": {}
                        },
                        {
                            "button_label@netease_editor_template_namespace.button_label": {}
                        }
                    ],
                    "default_control": "default",
                    "hover_control": "hover",
                    "is_handle_button_move_event": true,
                    "layer": 4,
                    "pressed_control": "pressed",
                    "size": [
                        "100%+0px",
                        "100.0%+0.0px"
                    ],
                    "type": "button"
                }
            },
            {
                "can_not_invite_pop": {
                    "anchor_from": "top_right",
                    "anchor_to": "bottom_right",
                    "controls": [
                        {
                            "bg": {
                                "controls": [
                                    {
                                        "arraw": {
                                            "anchor_from": "bottom_right",
                                            "anchor_to": "top_right",
                                            "layer": 1,
                                            "offset": [
                                                -8,
                                                -5
                                            ],
                                            "size": [
                                                20,
                                                16
                                            ],
                                            "texture": "textures/ui/tooltip_default_chevron",
                                            "type": "image"
                                        }
                                    },
                                    {
                                        "infobulb": {
                                            "anchor_from": "left_middle",
                                            "anchor_to": "left_middle",
                                            "layer": 1,
                                            "offset": [
                                                5,
                                                0
                                            ],
                                            "size": [
                                                10,
                                                10
                                            ],
                                            "texture": "textures/ui/infobulb",
                                            "type": "image"
                                        }
                                    },
                                    {
                                        "label": {
                                            "color": [
                                                0.7608,
                                                0.7608,
                                                0.7608
                                            ],
                                            "font_type": "default",
                                            "offset": [
                                                7,
                                                1
                                            ],
                                            "size": [
                                                "85%+0px",
                                                "60%+0px"
                                            ],
                                            "text": "请装备『我的好友』组件开启邀请功能",
                                            "type": "label"
                                        }
                                    }
                                ],
                                "layer": 1,
                                "size": [
                                    "100%+0px",
                                    "100%+-5px"
                                ],
                                "texture": "textures/ui/tooltip_default_background",
                                "type": "image"
                            }
                        }
                    ],
                    "layer": 1,
                    "offset": [
                        0,
                        -7
                    ],
                    "size": [
                        161,
                        26
                    ],
                    "type": "panel",
                    "visible": false
                }
            }
        ]
    },

  "info_panel_invite_panel" : {
      "anchor_from" : "top_left",
      "anchor_to" : "top_left",
      "controls" : [
         {
            "room_qr_code_button@pause.room_qr_code_button" : {}
         },
         {
            "horizontal_padding1@pause.horizontal_padding" : {
               "size" : [ "4px", 0 ]
            }
         },
         {
            "lobby_setting_button@pause.lobby_setting_button" : {}
         },
         {
            "horizontal_padding@pause.horizontal_padding" : {
               "size" : [ "4px", 0 ]
            }
         },
         {
            "remove_member_button@pause.remove_member_button" : {}
         },
         {
            "horizontal_padding@pause.horizontal_padding" : {
               "size" : [ "4px", 0 ]
            }
         },
         {
            "invite_friend_panel@pause.invite_friend_panel" : {}
         }
      ],
      "offset" : [ "4px", "90%" ],
      "orientation" : "horizontal",
      "size" : [ "100% - 8px", "10%" ],
      "type" : "stack_panel",
      "visible" : false
   },

  "can_not_invite_text": {
    "anchor_from": "bottom_middle",
    "anchor_to": "bottom_middle",
    "size": [
      "100% - 8px",
      "default"
    ],
    "offset": [
      0,
      "-10% - 2px"
    ],
    "color": [
      1.0,
      1.0,
      1.0
    ],
    "text": "\u5b58\u5728\u8bd5\u73a9\u7ec4\u4ef6\uff0c\u6682\u4e0d\u652f\u6301\u591a\u4eba\u6e38\u620f",
    "font_scale_factor": 0.9,
    "font_type": "smooth",
    "text_alignment": "center",
    "type": "label",
    "layer": 2,
    "visible": false
  },

  "single_game_info_panel_invite_panel": {
    "type": "stack_panel",
    "anchor_from": "top_left",
    "anchor_to": "top_left",
    "size": [ "100% - 8px", "10%" ],
    "offset": [ "4px", "90%" ],
    "controls": [
      { "single_game_invite_button@pause.single_game_invite_button": {} }
    ],
    "visible" : false
  },

  "info_panel_content_list": {
    "type": "stack_panel",
    "anchor_from": "top_right",
    "anchor_to": "top_right",
    "size": [ "100% - 4px", "90%" ],
    "orientation": "vertical",
    "controls": [
      { "player_list_scrolling_panel@pause.player_list_scrolling_panel": {} },
      {
        "vertical_padding@pause.vertical_padding": {
          "size": [ 0, 8 ]
        }
      }
    ]
  },

  "info_panel_background@pause.transparent_background": {
    "size": [ "100%", "100%" ],
    "anchor_from": "top_right",
    "anchor_to": "top_right"
  },

  "info_panel@pause.pause_screen_border": {
    //commented by netease: fit a new button
    //"size": [ 150, "100%" ],
    "size": [ 178, "100%" ],
    "anchor_from": "right_middle",
    "anchor_to": "right_middle",
    "controls": [
      { "info_panel_background@pause.info_panel_background": {} },
      { "info_panel_list@pause.info_panel_content_list": {} },
      { "info_panel_invite_panel@pause.info_panel_invite_panel": {} },
      {
        "can_not_invite_text@pause.can_not_invite_text": {}
      },
      { "single_game_info_panel_invite_panel@pause.single_game_info_panel_invite_panel": {} }
    ]
  },

  "player_panel_background@pause.transparent_background": {
    "anchor_from": "center",
    "anchor_to": "center",
    "size": [ "100% - 2px", "100% - 2px" ],
    "controls": [
      { "player_list_scrolling_panel@pause.player_list_scrolling_panel": {} }
    ]
  },

  "player_list": {
    "type": "stack_panel",
    "anchor_from": "top_left",
    "anchor_to": "top_left",
    "size": [ "100%", "100%c" ],
    "focus_container": true,
    "use_last_focus": true,
    "focus_navigation_mode_right": "contained",
    "controls": [
      {
        "vertical_padding_0@pause.vertical_padding": {
          "size": [ 0, 4 ]
        }
      },
      {
        "players_label_panel@pause.players_label_panel": {} },
      {
        "vertical_padding_2@pause.vertical_padding": {
          "size": [ 0, 3 ],
          "ignored": "$education_edition"
        }
      },
      { "players_grid_panel@pause.players_grid": {} },
      {
        "vertical_padding_3@pause.vertical_padding": {
          "size": [ 0, 3 ]
        }
      },
      { "invite_players_button_panel@pause.invite_players_button_panel": {} },
      {
        "vertical_padding_4@pause.vertical_padding": {
          "size": [ 0, 3 ]
        }
      },
      { "disconnected_from_multiplayer_label_panel@pause.disconnected_from_multiplayer_label_panel": {} },
      {
        "vertical_padding_5@pause.vertical_padding": {
          "size": [ 0, 1 ]
        }
      }
    ]
  },

  "player_lists": {
    "type": "panel",
    "size": [ "100%", "100%c" ],
    "controls": [
      {
        "normal_list@pause.player_list": {
          "bindings": [
            {
              "binding_name": "(not #list_has_display_objective)",
              "binding_name_override": "#visible"
            }
          ]
        }
      },
      {
        "scoreboard_list@scoreboard.scoreboard_player_list": {
          "bindings": [
            {
              "binding_name": "#list_has_display_objective",
              "binding_name_override": "#visible"
            }
          ]
        }
      }
    ]
  },

  "player_list_scrolling_panel@common.scrolling_panel": {
    "size": [ "100% - 4px", "100%" ],
    "offset": [ 2, 0 ],
    "anchor_from": "top_right",
    "anchor_to": "top_right",
    "$show_background": false,
    "$scroll_track_size": [ 5, "100% - 4px" ],
    "$scroll_track_offset|default": [ -4, 2 ],
    "$scrolling_content": "pause.player_lists"
  },

  "disconnected_label": {
    "type": "label",
    "size": [ "100%", "default" ],
    "color": "$main_header_text_color",
    "layer": 1
  },

  "disconnected_from_multiplayer_label_panel": {
    "type": "stack_panel",
    "size": [ "100%", "100%c" ],
    "controls": [
      {
        "disconnected_from_xbox_live_label@pause.disconnected_label": {
          "text": "pauseScreen.xboxLiveDisconnect",
          "bindings": [
            {
              "binding_name": "#disconnected_from_xbox_live_label_visible",
              "binding_name_override": "#visible",
              "binding_type": "global"
            }
          ]
        }
      },
      {
        "disconnected_from_third_party_label@pause.disconnected_label": {
          "text": "pauseScreen.thirdPartyConsoleDisconnect",
          "bindings": [
            {
              "binding_name": "#disconnected_from_third_party_label_visible",
              "binding_name_override": "#visible",
              "binding_type": "global"
            }
          ]
        }
      },
      {
        "disconnected_from_adhoc_label@pause.disconnected_label": {
          "text": "pauseScreen.thirdPartyConsoleAdhocDisconnect",
          "bindings": [
            {
              "binding_name": "#disconnected_from_adhoc_label_visible",
              "binding_name_override": "#visible",
              "binding_type": "global"
            }
          ]
        }
      },
      {
        "disconnected_from_crossplatform_multiplayer@pause.disconnected_label": {
          "text": "options.crossPlatformMultiplayerDisabled",
          "bindings": [
            {
              "binding_name": "#disconnected_from_crossplatform_multiplayer",
              "binding_name_override": "#visible",
              "binding_type": "global"
            }
          ]
        }
      },
      {
        "disconnected_from_multiplayer@pause.disconnected_label": {
          "text": "options.multiplayerDisabled",
          "bindings": [
            {
              "binding_name": "#disconnected_from_multiplayer",
              "binding_name_override": "#visible",
              "binding_type": "global"
            }
          ]
        }
      }
    ]
  },

  "players_label_panel": {
    "type": "stack_panel",
    "anchor_from": "top_left",
    "anchor_to": "top_left",
    "orientation": "horizontal",
    "size": [ "100%", 10 ],
    "controls": [
      {
        "players_label@pause.players_label": {
          "ignored": "$education_edition"
        }
      },
      {
        "players_count_label@pause.players_count_label": {
          "ignored": "$education_edition"
        }
      }
    ]
  },

  "invite_players_button_panel": {
    "type": "panel",
    "size": [ "100%", "100%c" ],
    "controls": [
      {
        "invite_players_button@pause.invite_players_button": {}
      }
    ]
  },

  "ip_label": {
    "type": "label",
    "text": "#ip",
    "size": [ "100%", 10 ],
    "color": "$main_header_text_color",
    "layer": 1,
    "bindings": [
      {
        "binding_name": "#ip_address_text",
        "binding_name_override": "#ip",
        "binding_condition": "visibility_changed"
      }
    ]
  },

  "players_label": {
    "type": "label",
    "text": "",
    "size": [ "80%", "100%" ],
    "color": "$main_header_text_color",
    "layer": 2,
    "bindings": [
      {
        "binding_name": "#worldname"
      }
    ]
  },

  "players_count_label": {
    "type": "label",
    "text": "",
    "size": [ "20%", "100%" ],
    "color": "$main_header_text_color",
    "layer": 2
  },

  "players_grid": {
    "type": "grid",
    "size": [ "100%", "default" ],
    "grid_item_template": "pause.player_grid_item",
    "grid_dimension_binding": "#players_grid_dimension",
    "collection_name": "players_collection",
    "anchor_to": "top_left",
    "anchor_from": "top_left",
    "bindings": [
      {
        "binding_name": "#players_grid_dimension",
        // Necessary do to a bug with grid item bindings not refreshing when the grid is inside a stack panel
        "binding_condition": "always"
      }
    ]
  },

  "player_grid_item": {
    "type": "panel",
    "size": [ "100%", 27 ],
    "controls": [
      { "player_grid_item_content@pause.player_grid_item_content": {} }
    ]
  },

  "player_grid_item_content": {
    "type": "panel",

    "controls": [
      {
        "player_button_panel": {
          "type": "stack_panel",
          "orientation": "horizontal",
          "anchor_from": "top_middle",
          "anchor_to": "top_middle",
          "size": [ "100%", "100% + 1px" ],
          "controls": [
            {
              "player_button_banner": {
                "type": "panel",
                "size": [ "fill", "100%" ],
                "controls": [
                  { "player_button@pause.player_button": {} },
                  { "player_banner@pause.player_banner": {} }
                ]
              }
            },
            {
              "player_permission_button_padding": {
                "type": "panel",
                "size": [ 27, "100%" ],
                "bindings": [
                  {
                    "binding_name": "#permissions_button_visible",
                    "binding_name_override": "#visible"
                  }
                ]
              }
            },
            {
              "player_report_button_padding": {
                "ignored": "$education_edition",
                "type": "panel",
                "size": [ 27, "100%" ]
                
              }
            }
          ]
        }
      },
      {
        "player_permission_button_panel": {
          "type": "panel",
          "anchor_to": "top_right",
          "anchor_from": "top_right",
          "offset": ["-100%c", 0],
          "size": [ "100%c", "100% + 1px" ],
          "controls": [
            { "player_permission_button@pause.player_permission_button": {} }
          ],
          "bindings": [
            {
              "binding_name": "#permissions_button_visible",
              "binding_name_override": "#visible"
            }
          ]
        }
      },
      {
        "player_report_button_panel": {
          "ignored": "$education_edition",
          "type": "panel",
          "anchor_to": "top_right",
          "anchor_from": "top_right",
          "size": [ "100%c", "100% + 1px" ],
          "controls": [
            { "player_report_button@pause.player_report_button": {} }
          ],
          "bindings": [
            {
              "binding_name": "#report_visible",
              "binding_name_override": "#visible"
            }
          ]
        }
      }
    ]
  },

  "player_permission_button@common_buttons.dark_content_button": {
    "size": [ 28, "100%" ],
    "$button_content": "pause.player_permission_button_content",
    "$button_tts_header": "accessibility.pause.permissions",
    "button_mappings": [
      {
        "from_button_id": "button.menu_select",
        "to_button_id": "button.menu_permission",
        "mapping_type": "pressed"
      },
      {
        "from_button_id": "button.menu_ok",
        "to_button_id": "button.menu_permission",
        "mapping_type": "focused"
      }
    ],
    "bindings": [
      {
        "binding_type": "collection_details",
        "binding_collection_name": "players_collection"
      }
    ]
  },

  "player_permission_button_content": {
    "type": "panel",
    "size": [ 15, 15 ],
    "controls": [
      {
        "permission_icon_image": {
          "type": "image",
          "texture": "#player_permission_level_icon_texture",
          "size": [ 15, 15 ],
          "bindings": [
            {
              "binding_name": "#player_permission_level_icon_texture",
              "binding_name_override": "#texture",
              "binding_type": "collection",
              "binding_collection_name": "players_collection"
            }
          ]
        }
      }
    ]
  },

  "player_report_button@common_buttons.dark_content_button": {
    "size": [ 28, "100%" ],
    "$button_content": "pause.player_report_button_content",
    "$button_tts_header": "�罻",
    "button_mappings": [
      {
        "from_button_id": "button.menu_select",
        "to_button_id": "button.menu_report",
        "mapping_type": "pressed"
      },
      {
        "from_button_id": "button.menu_ok",
        "to_button_id": "button.menu_report",
        "mapping_type": "focused"
      }
    ],
    "bindings": [
      {
        "binding_type": "collection_details",
        "binding_collection_name": "players_collection"
      }
    ]
  },

  "player_report_button_content": {
    "type": "panel",
    "controls": [
      {
        "report_icon_image": {
          "type": "image",
          "texture": "textures/ui/report_friend",
          "size": [ 15, 15 ]
        }
      }
    ]
  },

  "vertical_padding": {
    "type": "panel",
    "size": [ 0, 2 ]
  },

  "horizontal_padding": {
    "type": "panel",
    "size": [ 2, 0 ]
  },

  "player_button_content": {
    "type": "stack_panel",
    "orientation": "horizontal",
    "anchor_from": "left_middle",
    "anchor_to": "left_middle",
    "size": [ "100% - 4px", "100% - 4px" ],
    "offset": [ 4, 0 ],
    "layer": 3,
    "controls": [
      {
        "player_level_panel@report.player_level_panel": {
          "ignored": "(not $is_netease)",
          "visible": "#is_growth_level_show",
          "bindings": [
            {
              "binding_name": "#is_growth_level_show",
              "binding_name_override": "#visible"
            }
          ]
        }
      },
      {
        "player_pic_panel@pause.player_pic_panel": {
          "layer": 1
        }
      },
      {
        "player_gamertag@pause.gametag_wrapper": {
          "size": [ "fill", "100%" ],
          "layer": 1
        }
      },
      {
        "platform_icon@pause.platform_icon_panel": {
          "layer": 1
        }
      }
    ]
  },

  "player_button@common_buttons.dark_content_button": {
    "size": [ "100%", "100%" ],
    "anchor_from": "top_left",
    "anchor_to": "top_left",
    "$button_content": "pause.player_button_content",
    "button_mappings": [
      {
        "from_button_id": "button.menu_select",
        "to_button_id": "button.player_profile_card",
        "mapping_type": "pressed"
      },
      {
        "from_button_id": "button.menu_ok",
        "to_button_id": "button.player_profile_card",
        "mapping_type": "focused"
      }
    ],
    "bindings": [
      {
        "binding_name": "#button_enabled",
        "binding_type": "collection",
        "binding_collection_name": "players_collection",
        "binding_name_override": "#visible"
      },
      {
        "binding_type": "collection_details",
        "binding_collection_name": "players_collection"
      }
    ]
  },

  "player_banner@pause.player_grid_banner": {
    "size": [ "100%", "100%" ],
    "anchor_from": "top_left",
    "anchor_to": "top_left",
    "layer": 1,
    "bindings": [
      {
        "binding_name": "#button_disabled",
        "binding_type": "collection",
        "binding_collection_name": "players_collection",
        "binding_name_override": "#visible"
      }
    ]
  },

  "player_pic_panel": {
    "type": "panel",
    "size": [ 20, "100%" ],
    "offset": [ 1, 0 ],
    "anchor_to": "left_middle",
    "anchor_from": "left_middle",
    "ignored": "$education_edition",
    "controls": [
      { "player_gamer_pic@pause.player_gamer_pic": {} },
      { "player_local_icon@pause.player_local_icon": {} }
    ]
  },

  "player_local_icon": {
    "type": "image",
    "texture": "textures/ui/lan_icon",
    "size": [ 13, 13 ],
    "layer": 1,
    "bindings": [
      {
        "binding_name": "#local_icon_visible",
        "binding_type": "collection",
        "binding_collection_name": "players_collection",
        "binding_name_override": "#visible"
      }
    ]
  },

  "player_gamer_pic": {
    "type": "image",
    "texture": "#texture",
    "size": [ 18, 18 ],
    "layer": 1,
    "texture_file_system": "#texture_source",
    "anchor_from": "left_middle",
    "anchor_to": "left_middle",
    "bindings": [
      {
        "binding_name": "#texture",
        "binding_type": "collection",
        "binding_collection_name": "players_collection"
      },
      {
        "binding_name": "#texture_source",
        "binding_name_override": "#texture_file_system",
        "binding_type": "collection",
        "binding_collection_name": "players_collection"
      },
      {
        "binding_name": "#gamerpic_visible",
        "binding_type": "collection",
        "binding_collection_name": "players_collection",
        "binding_name_override": "#visible"
      }
    ],
    "controls": [
      {
        "player_panel_black_border@pause.pause_screen_border": {
          "size": [ "100% + 2px", "100% + 2px" ],
          "color": [ 0, 0, 0 ],
          "anchor_from": "center",
          "anchor_to": "center"
        }
      }
    ]
  },

  "gametag_wrapper": {
    "type": "panel",
    "size": [ "100%c", "100%" ],
    "anchor_from": "left_middle",
    "anchor_to": "left_middle",
    "controls": [
      {
        "gamertag@pause.player_gamertag": {}
      }
    ]
  },

  "platform_icon_panel": {
    "type": "panel",
    "$icon_panel_size|default": [ "100%c + 4px", "100%" ],
    "size": "$icon_panel_size",
    "controls": [
      {
        "platform_icon@pause.platform_icon": {
          "layer": 1,
          "anchor_from": "left_middle",
          "anchor_to": "left_middle",
          "size": [ 15, 15 ]
        }
      }
    ]
  },

  "player_gamertag": {
    "type": "label",
    "color": "$main_header_text_color",
    "text": "#gamertag",
    "anchor_from": "left_middle",
    "anchor_to": "left_middle",
    "size": [ "100%", 10 ],
    "layer": 2,
    "bindings": [
      {
        "binding_name": "#gamertag",
        "binding_type": "collection",
        "binding_collection_name": "players_collection"
      }
    ]
  },

  "platform_icon": {
    "ignored": "(not $platform_icons_visible)",
    "type": "image",
    "texture": "textures/ui/platform_icon",
    "bindings": [
      {
        "binding_name": "#is_platform_icon_visible",
        "binding_type": "collection",
        "binding_collection_name": "players_collection",
        "binding_name_override": "#visible"
      }
    ]
  },

  "player_grid_banner_no_focus": {
    "type": "image",
    "texture": "textures/ui/MainBannersHover"
  },

  "player_grid_banner": {
    "type": "panel",
    "controls": [
      {
        "player_grid_banner_no_focus@pause.player_grid_banner_no_focus": {
          "controls": [
            {
              "player_button_content@pause.player_button_content": {
                "offset": [ 7, 0 ],
                "size": [ "92%", "90%" ]
              }
            }
          ]
        }
      },
      {
        "focus_border_button@pause.focus_border_button": {
          "tts_inherit_siblings": true,
          "layer": 5
        }
      }
    ]
  },

  "focus_border_button@common.button": {
    "size": [ "100%", "100%" ],
    "sound_volume": 0.0,
    "$pressed_button_name": "button.pause_focus_filler",
    "$button_tts_name": "",
    "button_mappings": [
      {
        "from_button_id": "button.menu_select",
        "to_button_id": "button.menu_report",
        "mapping_type": "pressed"
      },
      {
        "from_button_id": "button.menu_ok",
        "to_button_id": "button.menu_report",
        "mapping_type": "focused"
      }
    ],
    "bindings": [
      {
        "binding_type": "collection_details",
        "binding_collection_name": "players_collection"
      }
    ],
    "controls": [
      { "default@pause.filler_panel": {} },
      { "hover@pause.focus_border": {} },
      { "pressed@pause.focus_border": {} }
    ]
  },

  "focus_border": {
    "type": "image",
    "texture": "textures/ui/focus_border_white",
    "color": [ 0.7, 0.7, 0.7 ]
  },

  "pause_screen_border": {
    "type": "image",
    "layer": 2,
    "texture": "textures/ui/pause_screen_border"
  },

  "filler_panel": {
    "type": "panel",
    "layer": 1
  },

  "gamepad_helpers": {
    "type": "panel",
    "anchor_from": "bottom_middle",
    "anchor_to": "bottom_middle",
    "offset": [ -66, "-4px" ],
    "size": [ "100%c", 10 ],
    "layer": 10,
    "visible": "($win10_edition and $is_holographic)",
    "controls": [
      { "gamepad_helper_y@common.gamepad_helper_y": {} }
    ]
  },

  "keyboard_helpers": {
    "type": "panel",
    "anchor_from": "bottom_middle",
    "anchor_to": "bottom_middle",
    "offset": [ -66, "-4px" ],
    "size": [ "100%c", 10 ],
    "layer": 10,
    "visible": "($win10_edition and $is_holographic)",
    "$keyboard_helper_visible_binding": "#edu_keyboard_helper_visible",
    "$ignore_image": true,
    "controls": [
      { "keyboard_helper_keys@common.keyboard_helper_keys": {} }
    ]
  }
}
