{
	"pack_manifest.json": "7c1d9a595f8344d0e7b3a294a5a3a380",
	"textures/ui/room_setting.png": "b14745f2037bbd3c9f1a28f6a470c39f",
	"textures/ui/gameChatExtension/new/btn_fast01.png": "72ea520df32d49ed8aa1640f8629fda1",
	"textures/ui/gameChatExtension/new/btn_fast02.png": "8b9c3df35f3eda95cb878a0cfc46e8b4",
	"textures/ui/gameChatExtension/new/icon_close.png": "1a23c8f0c05e5b4328347bdb020462e0",
	"ui/pause_screen.json": "4731d5e87ee23aa9a5acbe2275e1d42c",
	"ui/netease/blockInfoBtn.json": "0db5e4f12ce83c6e356e6264da283282",
	"ui/netease/speakSectionUI.json": "97147da25503c5f9ba8b42d7df905dcb",
	"ui/netease/vip_enter_screen.json": "711929fc4272c234cd065c0fa62ce5c5",
	"ui/netease/gameChatExtension/gameChatMainUI.json": "7e18ceb1a4b26cda8e7ef475700a2227"
}